Affenpinscher,https://bigd.big.ac.cn/idog/images/breed_image_thumb/Affenpinscher.jpg
Afghan Hound,https://bigd.big.ac.cn/idog/images/breed_image_thumb/Afghan_Hound.jpg
Airedale Terrier,https://bigd.big.ac.cn/idog/images/breed_image_thumb/Airedale_Terrier.jpg
Akita,https://bigd.big.ac.cn/idog/images/breed_image_thumb/Akita.jpg
Alaskan Malamute,https://bigd.big.ac.cn/idog/images/breed_image_thumb/Alaskan_Malamute.jpg
American English Coonhound,https://bigd.big.ac.cn/idog/images/breed_image_thumb/American_English_Coonhound.jpg
American Eskimo Dog,https://bigd.big.ac.cn/idog/images/breed_image_thumb/American_Eskimo_Dog.jpg
American Foxhound,https://bigd.big.ac.cn/idog/images/breed_image_thumb/American_Foxhound.jpg
American Hairless Terrier,https://bigd.big.ac.cn/idog/images/breed_image_thumb/American_Hairless_Terrier.jpg
American Leopard Hound,https://bigd.big.ac.cn/idog/images/breed_image_thumb/American_Leopard_Hound.jpg
American Staffordshire Terrier,https://bigd.big.ac.cn/idog/images/breed_image_thumb/American_Staffordshire_Terrier.jpg
American Water Spaniel,https://bigd.big.ac.cn/idog/images/breed_image_thumb/American_Water_Spaniel.jpg
Anatolian Shepherd Dog,https://bigd.big.ac.cn/idog/images/breed_image_thumb/Anatolian_Shepherd_Dog.jpg
Appenzeller Sennenhunde,https://bigd.big.ac.cn/idog/images/breed_image_thumb/Appenzeller_Sennenhunde.jpg
Australian Cattle Dog,https://bigd.big.ac.cn/idog/images/breed_image_thumb/Australian_Cattle_Dog.jpg
Australian Shepherd,https://bigd.big.ac.cn/idog/images/breed_image_thumb/Australian_Shepherd.jpg
Australian Terrier,https://bigd.big.ac.cn/idog/images/breed_image_thumb/Australian_Terrier.jpg
Azawakh,https://bigd.big.ac.cn/idog/images/breed_image_thumb/Azawakh.jpg
Barbet,https://bigd.big.ac.cn/idog/images/breed_image_thumb/Barbet.jpg
Basenji,https://bigd.big.ac.cn/idog/images/breed_image_thumb/Basenji.jpg
Basset Fauve de Bretagne,https://bigd.big.ac.cn/idog/images/breed_image_thumb/Basset_Fauve_de_Bretagne.jpg
Basset Hound,https://bigd.big.ac.cn/idog/images/breed_image_thumb/Basset_Hound.jpg
Bavarian Mountain Scent Hound,https://bigd.big.ac.cn/idog/images/breed_image_thumb/Bavarian_Mountain_Scent_Hound.jpg
Beagle,https://bigd.big.ac.cn/idog/images/breed_image_thumb/Beagle.jpg
Bearded Collie,https://bigd.big.ac.cn/idog/images/breed_image_thumb/Bearded_Collie.jpg
Beauceron,https://bigd.big.ac.cn/idog/images/breed_image_thumb/Beauceron.jpg
Bedlington Terrier,https://bigd.big.ac.cn/idog/images/breed_image_thumb/Bedlington_Terrier.jpg
Belgian Laekenois,https://bigd.big.ac.cn/idog/images/breed_image_thumb/Belgian_Laekenois.jpg
Belgian Malinois,https://bigd.big.ac.cn/idog/images/breed_image_thumb/Belgian_Malinois.jpg
Belgian Sheepdog,https://bigd.big.ac.cn/idog/images/breed_image_thumb/Belgian_Sheepdog.jpg
Belgian Tervuren,https://bigd.big.ac.cn/idog/images/breed_image_thumb/Belgian_Tervuren.jpg
Bergamasco Sheepdog,https://bigd.big.ac.cn/idog/images/breed_image_thumb/Bergamasco_Sheepdog.jpg
Berger Picard,https://bigd.big.ac.cn/idog/images/breed_image_thumb/Berger_Picard.jpg
Bernese Mountain Dog,https://bigd.big.ac.cn/idog/images/breed_image_thumb/Bernese_Mountain_Dog.jpg
Bichon Frise,https://bigd.big.ac.cn/idog/images/breed_image_thumb/Bichon_Frise.jpg
Biewer Terrier,https://bigd.big.ac.cn/idog/images/breed_image_thumb/Biewer_Terrier.jpg
Black and Tan Coonhound,https://bigd.big.ac.cn/idog/images/breed_image_thumb/Black_and_Tan_Coonhound.jpg
Black Russian Terrier,https://bigd.big.ac.cn/idog/images/breed_image_thumb/Black_Russian_Terrier.jpg
Bloodhound,https://bigd.big.ac.cn/idog/images/breed_image_thumb/Bloodhound.jpg
Bluetick Coonhound,https://bigd.big.ac.cn/idog/images/breed_image_thumb/Bluetick_Coonhound.jpg
Boerboel,https://bigd.big.ac.cn/idog/images/breed_image_thumb/Boerboel.jpg
Bolognese,https://bigd.big.ac.cn/idog/images/breed_image_thumb/Bolognese.jpg
Border Collie,https://bigd.big.ac.cn/idog/images/breed_image_thumb/Border_Collie.jpg
Border Terrier,https://bigd.big.ac.cn/idog/images/breed_image_thumb/Border_Terrier.jpg
Borzoi,https://bigd.big.ac.cn/idog/images/breed_image_thumb/Borzoi.jpg
Boston Terrier,https://bigd.big.ac.cn/idog/images/breed_image_thumb/Boston_Terrier.jpg
Bouvier des Flandres,https://bigd.big.ac.cn/idog/images/breed_image_thumb/Bouvier_des_Flandres.jpg
Boxer,https://bigd.big.ac.cn/idog/images/breed_image_thumb/Boxer.jpg
Boykin Spaniel,https://bigd.big.ac.cn/idog/images/breed_image_thumb/Boykin_Spaniel.jpg
Bracco Italiano,https://bigd.big.ac.cn/idog/images/breed_image_thumb/Bracco_Italiano.jpg
Braque du Bourbonnais,https://bigd.big.ac.cn/idog/images/breed_image_thumb/Braque_du_Bourbonnais.jpg
Braque Francais Pyrenean,https://bigd.big.ac.cn/idog/images/breed_image_thumb/Braque_Francais_pyrenean.jpg
Briard,https://bigd.big.ac.cn/idog/images/breed_image_thumb/Briard.jpg
Brittany,https://bigd.big.ac.cn/idog/images/breed_image_thumb/Brittany.jpg
Broholmer,https://bigd.big.ac.cn/idog/images/breed_image_thumb/Broholmer.jpg
Brussels Griffon,https://bigd.big.ac.cn/idog/images/breed_image_thumb/GriffonBrussels.jpg
Bull Terrier,https://bigd.big.ac.cn/idog/images/breed_image_thumb/BullTerrier.jpg
Bulldog,https://bigd.big.ac.cn/idog/images/breed_image_thumb/Bulldog.jpg
Bullmastiff,https://bigd.big.ac.cn/idog/images/breed_image_thumb/Bullmastiff.jpg
Cairn Terrier,https://bigd.big.ac.cn/idog/images/breed_image_thumb/Cairn_Terrier.jpg
Canaan Dog,https://bigd.big.ac.cn/idog/images/breed_image_thumb/Canaan_Dog.jpg
Cane Corso,https://bigd.big.ac.cn/idog/images/breed_image_thumb/CaneCorso.jpg
Cardigan Welsh Corgi,https://bigd.big.ac.cn/idog/images/breed_image_thumb/Cardigan_Welsh_Corgi.jpg
Carolina Dog,https://bigd.big.ac.cn/idog/images/breed_image_thumb/Carolina_Dog.jpg
Catahoula Leopard Dog,https://bigd.big.ac.cn/idog/images/breed_image_thumb/catahoula_leopard_dog.jpg
Caucasian Shepherd Dog,https://bigd.big.ac.cn/idog/images/breed_image_thumb/Caucasian_Shepherd_Dog.jpg
Cavalier King Charles Spaniel,https://bigd.big.ac.cn/idog/images/breed_image_thumb/Cavalier_King_Charles_Spaniel.jpg
Central Asian Shepherd Dog,https://bigd.big.ac.cn/idog/images/breed_image_thumb/Central_Asian_Shepherd_Dog.jpg
Cesky Terrier,https://bigd.big.ac.cn/idog/images/breed_image_thumb/Cesky_Terrier.jpg
Chesapeake Bay Retriever,https://bigd.big.ac.cn/idog/images/breed_image_thumb/Chesapeake_Bay_Retriever.jpg
Chihuahua,https://bigd.big.ac.cn/idog/images/breed_image_thumb/Chihuahua.jpg
Chinese Crested,https://bigd.big.ac.cn/idog/images/breed_image_thumb/Chinese_Crested.jpg
Chinese Shar-Pei,https://bigd.big.ac.cn/idog/images/breed_image_thumb/Chinese_Shar_Pei.jpg
Chinook,https://bigd.big.ac.cn/idog/images/breed_image_thumb/Chinook.jpg
Chow Chow,https://bigd.big.ac.cn/idog/images/breed_image_thumb/Chow_Chow.jpg
Cirneco dell'Etna,https://bigd.big.ac.cn/idog/images/breed_image_thumb/Cirneco_dell_Etna.jpg
Clumber Spaniel,https://bigd.big.ac.cn/idog/images/breed_image_thumb/Clumber_Spaniel.jpg
Cocker Spaniel,https://bigd.big.ac.cn/idog/images/breed_image_thumb/Cocker_Spaniel.jpg
Collie,https://bigd.big.ac.cn/idog/images/breed_image_thumb/collie_thumb.jpg
Coton de Tulear,https://bigd.big.ac.cn/idog/images/breed_image_thumb/Coton_de_Tulear.jpg
Curly-Coated Retriever,https://bigd.big.ac.cn/idog/images/breed_image_thumb/Curly_Coated_Retriever.jpg
Czechoslovakian Vlcak,https://bigd.big.ac.cn/idog/images/breed_image_thumb/CzechoslovakianVlcak.jpg
Dachshund,https://bigd.big.ac.cn/idog/images/breed_image_thumb/Dachshund.jpg
Dalmatian,https://bigd.big.ac.cn/idog/images/breed_image_thumb/Dalmatian.jpg
Dandie Dinmont Terrier,https://bigd.big.ac.cn/idog/images/breed_image_thumb/Dandie_Dinmont_Terrier.jpg
Danish-Swedish Farmdog,https://bigd.big.ac.cn/idog/images/breed_image_thumb/Danish_Swedish_Farmdog.jpg
Deutscher Wachtelhund,https://bigd.big.ac.cn/idog/images/breed_image_thumb/Deutscher_Wachtelhund.jpg
Doberman Pinscher,https://bigd.big.ac.cn/idog/images/breed_image_thumb/DobermanPinscher.jpg
Dogo Argentino,https://bigd.big.ac.cn/idog/images/breed_image_thumb/Dogo_Argentino.jpg
Dogue de Bordeaux,https://bigd.big.ac.cn/idog/images/breed_image_thumb/Dogue_de_Bordeaux.jpg
Drentsche Patrijshond,https://bigd.big.ac.cn/idog/images/breed_image_thumb/Drever.jpg
Drever,https://bigd.big.ac.cn/idog/images/breed_image_thumb/Drentse_Patrijshond.jpg
Dutch Shepherd,https://bigd.big.ac.cn/idog/images/breed_image_thumb/English_Cocker_Spaniel.jpg
English Cocker Spaniel,https://bigd.big.ac.cn/idog/images/breed_image_thumb/English_Foxhound.jpg
English Foxhound,https://bigd.big.ac.cn/idog/images/breed_image_thumb/SetterEnglish.jpg
English Setter,https://bigd.big.ac.cn/idog/images/breed_image_thumb/English_Springer_Spaniel.jpg
English Springer Spaniel,https://bigd.big.ac.cn/idog/images/breed_image_thumb/English-Toy-Spaniel.jpg
English Toy Spaniel,https://bigd.big.ac.cn/idog/images/breed_image_thumb/EntlebucherMtnDog.jpg
Entlebucher Mountain Dog,https://bigd.big.ac.cn/idog/images/breed_image_thumb/Estrela_Mountain_Dog.jpg
Estrela Mountain Dog,https://bigd.big.ac.cn/idog/images/breed_image_thumb/Eurasier.jpg
Eurasier,https://bigd.big.ac.cn/idog/images/breed_image_thumb/Field_Spaniel.jpg
Field Spaniel,https://bigd.big.ac.cn/idog/images/breed_image_thumb/FinnishLapphund.jpg
Finnish Lapphund,https://bigd.big.ac.cn/idog/images/breed_image_thumb/FinnishSpitz.jpg
Finnish Spitz,https://bigd.big.ac.cn/idog/images/breed_image_thumb/Flat_Coated_Retriever.jpg
Flat-Coated Retriever,https://bigd.big.ac.cn/idog/images/breed_image_thumb/FrenchBulldog.jpg
French Bulldog,https://bigd.big.ac.cn/idog/images/breed_image_thumb/French_Spaniel.jpg
French Spaniel,https://bigd.big.ac.cn/idog/images/breed_image_thumb/PointerGLH.jpg
German Longhaired Pointer,https://bigd.big.ac.cn/idog/images/breed_image_thumb/GermanPinscher.jpg
German Pinscher,https://bigd.big.ac.cn/idog/images/breed_image_thumb/German_Shepherd_Dog.jpg
German Shepherd Dog,https://bigd.big.ac.cn/idog/images/breed_image_thumb/German_Shorthaired_Pointer.jpg
German Shorthaired Pointer,https://bigd.big.ac.cn/idog/images/breed_image_thumb/German_Spitz.jpg
German Spitz,https://bigd.big.ac.cn/idog/images/breed_image_thumb/German_Wirehaired_Pointer.jpg
German Wirehaired Pointer,https://bigd.big.ac.cn/idog/images/breed_image_thumb/Giant_Schnauzer.jpg
Giant Schnauzer,https://bigd.big.ac.cn/idog/images/breed_image_thumb/Glen_of_Imaal_Terrier.jpg
Glen of Imaal Terrier,https://bigd.big.ac.cn/idog/images/breed_image_thumb/Golden_Retriever.jpg
Golden Retriever,https://bigd.big.ac.cn/idog/images/breed_image_thumb/Gordon_Setter.jpg
Gordon Setter,https://bigd.big.ac.cn/idog/images/breed_image_thumb/Grand_Basset_Griffon_Vendeen.jpg
Grand Basset Griffon Vendeen,https://bigd.big.ac.cn/idog/images/breed_image_thumb/Great_Dane.jpg
Great Dane,https://bigd.big.ac.cn/idog/images/breed_image_thumb/GreatPyrenees.jpg
Great Pyrenees,https://bigd.big.ac.cn/idog/images/breed_image_thumb/Greater_Swiss_Mountain_Dog.jpg
Greater Swiss Mountain Dog,https://bigd.big.ac.cn/idog/images/breed_image_thumb/Greyhound.jpg
Greyhound,https://bigd.big.ac.cn/idog/images/breed_image_thumb/Hamiltonstovare.jpg
Hamiltonstovare,https://bigd.big.ac.cn/idog/images/breed_image_thumb/Harrier.jpg
Harrier,https://bigd.big.ac.cn/idog/images/breed_image_thumb/Havanese.jpg
Havanese,https://bigd.big.ac.cn/idog/images/breed_image_thumb/Hokkaido.jpg
Hokkaido,https://bigd.big.ac.cn/idog/images/breed_image_thumb/Hovawart.jpg
Hovawart,https://bigd.big.ac.cn/idog/images/breed_image_thumb/Ibizan_Hound.jpg
Ibizan Hound,https://bigd.big.ac.cn/idog/images/breed_image_thumb/Icelandic_Sheepdog.jpg
Icelandic Sheepdog,https://bigd.big.ac.cn/idog/images/breed_image_thumb/Irish_Red_and_White_Setter.jpg
Irish Red and White Setter,https://bigd.big.ac.cn/idog/images/breed_image_thumb/Irish_Setter.jpg
Irish Setter,https://bigd.big.ac.cn/idog/images/breed_image_thumb/Irish_Terrier.jpg
Irish Terrier,https://bigd.big.ac.cn/idog/images/breed_image_thumb/Irish_Water_Spaniel.jpg
Irish Water Spaniel,https://bigd.big.ac.cn/idog/images/breed_image_thumb/Irish_Wolfhound.jpg
Irish Wolfhound,https://bigd.big.ac.cn/idog/images/breed_image_thumb/Italian_Greyhound.jpg
Italian Greyhound,https://bigd.big.ac.cn/idog/images/breed_image_thumb/Jagdterrier.jpg
Jagdterrier,https://bigd.big.ac.cn/idog/images/breed_image_thumb/Japanese_Chin.jpg
Japanese Chin,https://bigd.big.ac.cn/idog/images/breed_image_thumb/Jindo.jpg
Jindo,https://bigd.big.ac.cn/idog/images/breed_image_thumb/Kai_Ken.jpg
Kai Ken,https://bigd.big.ac.cn/idog/images/breed_image_thumb/Karelian_Bear_Dog.jpg
Karelian Bear Dog,https://bigd.big.ac.cn/idog/images/breed_image_thumb/Keeshond.jpg
Keeshond,https://bigd.big.ac.cn/idog/images/breed_image_thumb/Kerry_Blue_Terrier.jpg
Kerry Blue Terrier,https://bigd.big.ac.cn/idog/images/breed_image_thumb/Kishu_Ken.jpg
Kishu Ken,https://bigd.big.ac.cn/idog/images/breed_image_thumb/Komondor.jpg
Komondor,https://bigd.big.ac.cn/idog/images/breed_image_thumb/Kromfohrlander.jpg
Kromfohrlander,https://bigd.big.ac.cn/idog/images/breed_image_thumb/Kuvasz.jpg
Kuvasz,https://bigd.big.ac.cn/idog/images/breed_image_thumb/Labrador_Retriever.jpg
Labrador Retriever,https://bigd.big.ac.cn/idog/images/breed_image_thumb/Lagotto_Romagnolo.jpg
Lagotto Romagnolo,https://bigd.big.ac.cn/idog/images/breed_image_thumb/Lakeland_Terrier.jpg
Lakeland Terrier,https://bigd.big.ac.cn/idog/images/breed_image_thumb/Lancashire_Heeler.jpg
Lancashire Heeler,https://bigd.big.ac.cn/idog/images/breed_image_thumb/Lapponian_Herder.jpg
Lapponian Herder,https://bigd.big.ac.cn/idog/images/breed_image_thumb/Leonberger.jpg
Leonberger,https://bigd.big.ac.cn/idog/images/breed_image_thumb/Lhasa_Apso.jpg
Lhasa Apso,https://bigd.big.ac.cn/idog/images/breed_image_thumb/Lowchen.jpg
Lowchen,https://bigd.big.ac.cn/idog/images/breed_image_thumb/Maltese.jpg
Maltese,https://bigd.big.ac.cn/idog/images/breed_image_thumb/ManchesterTerrier.jpg
Manchester Terrier,https://bigd.big.ac.cn/idog/images/breed_image_thumb/Mastiff.jpg
Mastiff,https://bigd.big.ac.cn/idog/images/breed_image_thumb/miniature_american_shepherd.jpg
Miniature American Shepherd,https://bigd.big.ac.cn/idog/images/breed_image_thumb/Miniature_Bull_Terrier.jpg
Miniature Bull Terrier,https://bigd.big.ac.cn/idog/images/breed_image_thumb/Miniature_Pinscher.jpg
Miniature Pinscher,https://bigd.big.ac.cn/idog/images/breed_image_thumb/Miniature_Schnauzer.jpg
Miniature Schnauzer,https://bigd.big.ac.cn/idog/images/breed_image_thumb/Mountain_Cur.jpg
Mountain Cur,https://bigd.big.ac.cn/idog/images/breed_image_thumb/Mudi.jpg
Mudi,https://bigd.big.ac.cn/idog/images/breed_image_thumb/Neapolitan_Mastiff.jpg
Neapolitan Mastiff,https://bigd.big.ac.cn/idog/images/breed_image_thumb/Kooikerhondje.jpg
Nederlandse Kooikerhondje,https://bigd.big.ac.cn/idog/images/breed_image_thumb/Newfoundland.jpg
Newfoundland,https://bigd.big.ac.cn/idog/images/breed_image_thumb/Norfolk_Terrier.jpg
Norfolk Terrier,https://bigd.big.ac.cn/idog/images/breed_image_thumb/Norrbottenspets.jpg
Norrbottenspets,https://bigd.big.ac.cn/idog/images/breed_image_thumb/Norwegian_Buhund.jpg
Norwegian Buhund,https://bigd.big.ac.cn/idog/images/breed_image_thumb/Norwegian_Elkhound.jpg
Norwegian Elkhound,https://bigd.big.ac.cn/idog/images/breed_image_thumb/Norwegian_Lundehund.jpg
Norwegian Lundehund,https://bigd.big.ac.cn/idog/images/breed_image_thumb/Norwich_Terrier.jpg
Norwich Terrier,https://bigd.big.ac.cn/idog/images/breed_image_thumb/Nova_Scotia_Duck_Tolling_Retriever.jpg
Nova Scotia Duck Tolling Retriever,https://bigd.big.ac.cn/idog/images/breed_image_thumb/Old_English_Sheepdog.jpg
Old English Sheepdog,https://bigd.big.ac.cn/idog/images/breed_image_thumb/Otterhound.jpg
Otterhound,https://bigd.big.ac.cn/idog/images/breed_image_thumb/Papillon.jpg
Papillon,https://bigd.big.ac.cn/idog/images/breed_image_thumb/Parson_Russell_Terrier.jpg
Parson Russell Terrier,https://bigd.big.ac.cn/idog/images/breed_image_thumb/Pekingese.jpg
Pekingese,https://bigd.big.ac.cn/idog/images/breed_image_thumb/Pembroke_Welsh_Corgi.jpg
Pembroke Welsh Corgi,https://bigd.big.ac.cn/idog/images/breed_image_thumb/Perro_de_Presa_Canario.jpg
Perro de Presa Canario,https://bigd.big.ac.cn/idog/images/breed_image_thumb/PeruvianIncaOrchid.jpg
Peruvian Inca Orchid,https://bigd.big.ac.cn/idog/images/breed_image_thumb/Petit_Basset_Griffon_Vendeen.jpg
Petit Basset Griffon Vendeen,https://bigd.big.ac.cn/idog/images/breed_image_thumb/Pharaoh_Hound.jpg
Pharaoh Hound,https://bigd.big.ac.cn/idog/images/breed_image_thumb/Plott.jpg
Plott,https://bigd.big.ac.cn/idog/images/breed_image_thumb/Pointer.jpg
Pointer,https://bigd.big.ac.cn/idog/images/breed_image_thumb/Polish_Lowland_Sheepdog.jpg
Polish Lowland Sheepdog,https://bigd.big.ac.cn/idog/images/breed_image_thumb/Pomeranian.jpg
Pomeranian,https://bigd.big.ac.cn/idog/images/breed_image_thumb/Poodle.jpg
Poodle,https://bigd.big.ac.cn/idog/images/breed_image_thumb/Porcelaine.jpg
Porcelaine,https://bigd.big.ac.cn/idog/images/breed_image_thumb/Portuguese_Podengo.jpg
Portuguese Podengo,https://bigd.big.ac.cn/idog/images/breed_image_thumb/Portuguese_Podengo_Pequeno.jpg
Portuguese Podengo Pequeno,https://bigd.big.ac.cn/idog/images/breed_image_thumb/Portuguese_Pointer.jpg
Portuguese Pointer,https://bigd.big.ac.cn/idog/images/breed_image_thumb/Portuguese_Sheepdog.jpg
Portuguese Sheepdog,https://bigd.big.ac.cn/idog/images/breed_image_thumb/Portuguese_Water_Dog.jpg
Portuguese Water Dog,https://bigd.big.ac.cn/idog/images/breed_image_thumb/Pudelpointer.jpg
Pudelpointer,https://bigd.big.ac.cn/idog/images/breed_image_thumb/Pug.jpg
Pug,https://bigd.big.ac.cn/idog/images/breed_image_thumb/Puli.jpg
Puli,https://bigd.big.ac.cn/idog/images/breed_image_thumb/Pumi.jpg
Pumi,https://bigd.big.ac.cn/idog/images/breed_image_thumb/Pyrenean_Mastiff.jpg
Pyrenean Mastiff,https://bigd.big.ac.cn/idog/images/breed_image_thumb/Pyrenean_Shepherd.jpg
Pyrenean Shepherd,https://bigd.big.ac.cn/idog/images/breed_image_thumb/Rafeiro_do_Alentejo.jpg
Rafeiro do Alentejo,https://bigd.big.ac.cn/idog/images/breed_image_thumb/Rat_Terrier.jpg
Rat Terrier,https://bigd.big.ac.cn/idog/images/breed_image_thumb/Redbone_Coonhound.jpg
Redbone Coonhound,https://bigd.big.ac.cn/idog/images/breed_image_thumb/Rhodesian_Ridgeback.jpg
Rhodesian Ridgeback,https://bigd.big.ac.cn/idog/images/breed_image_thumb/Rottweiler.jpg
Rottweiler,https://bigd.big.ac.cn/idog/images/breed_image_thumb/Russell_Terrier.jpg
Russell Terrier,https://bigd.big.ac.cn/idog/images/breed_image_thumb/RussianToy.jpg
Russian Toy,https://bigd.big.ac.cn/idog/images/breed_image_thumb/Russian_Tsvetnaya_Bolonka.jpg
Russian Tsvetnaya Bolonka,https://bigd.big.ac.cn/idog/images/breed_image_thumb/Saluki.jpg
Saluki,https://bigd.big.ac.cn/idog/images/breed_image_thumb/Samoyed.jpg
Samoyed,https://bigd.big.ac.cn/idog/images/breed_image_thumb/Schapendoes.jpg
Schapendoes,https://bigd.big.ac.cn/idog/images/breed_image_thumb/Schipperke.jpg
Schipperke,https://bigd.big.ac.cn/idog/images/breed_image_thumb/Scottish_Deerhound.jpg
Scottish Deerhound,https://bigd.big.ac.cn/idog/images/breed_image_thumb/Scottish_Terrier.jpg
Scottish Terrier,https://bigd.big.ac.cn/idog/images/breed_image_thumb/Sealyham_Terrier.jpg
Sealyham Terrier,https://bigd.big.ac.cn/idog/images/breed_image_thumb/Shetland_Sheepdog.jpg
Shetland Sheepdog,https://bigd.big.ac.cn/idog/images/breed_image_thumb/Shiba_Inu.jpg
Shiba Inu,https://bigd.big.ac.cn/idog/images/breed_image_thumb/Shih_Tzu.jpg
Shih Tzu,https://bigd.big.ac.cn/idog/images/breed_image_thumb/Shikoku.jpg
Shikoku,https://bigd.big.ac.cn/idog/images/breed_image_thumb/Siberian_Husky.jpg
Siberian Husky,https://bigd.big.ac.cn/idog/images/breed_image_thumb/Silky_Terrier.jpg
Silky Terrier,https://bigd.big.ac.cn/idog/images/breed_image_thumb/Skye_Terrier.jpg
Skye Terrier,https://bigd.big.ac.cn/idog/images/breed_image_thumb/Sloughi.jpg
Sloughi,https://bigd.big.ac.cn/idog/images/breed_image_thumb/Slovensky_Cuvac.jpg
Slovensky Cuvac,https://bigd.big.ac.cn/idog/images/breed_image_thumb/Slovensky_Kopov.jpg
Slovensky Kopov,https://bigd.big.ac.cn/idog/images/breed_image_thumb/Small_Munsterlander_Pointer.jpg
Small Munsterlander Pointer,https://bigd.big.ac.cn/idog/images/breed_image_thumb/Smooth_Fox_Terrier.jpg
Smooth Fox Terrier,https://bigd.big.ac.cn/idog/images/breed_image_thumb/Soft_Coated_Wheaten_Terrier.jpg
Soft Coated Wheaten Terrier,https://bigd.big.ac.cn/idog/images/breed_image_thumb/Spanish_Mastiff.jpg
Spanish Mastiff,https://bigd.big.ac.cn/idog/images/breed_image_thumb/Spanish_Water_Dog.jpg
Spanish Water Dog,https://bigd.big.ac.cn/idog/images/breed_image_thumb/Spinone_Italiano.jpg
Spinone Italiano,https://bigd.big.ac.cn/idog/images/breed_image_thumb/St_Bernard.jpg
St. Bernard,https://bigd.big.ac.cn/idog/images/breed_image_thumb/Stabyhoun.jpg
Stabyhoun,https://bigd.big.ac.cn/idog/images/breed_image_thumb/Staffordshire_Bull_Terrier.jpg
Staffordshire Bull Terrier,https://bigd.big.ac.cn/idog/images/breed_image_thumb/Standard_Schnauzer.jpg
Standard Schnauzer,https://bigd.big.ac.cn/idog/images/breed_image_thumb/Sussex_Spaniel.jpg
Sussex Spaniel,https://bigd.big.ac.cn/idog/images/breed_image_thumb/Swedish_Lapphund.jpg
Swedish Lapphund,https://bigd.big.ac.cn/idog/images/breed_image_thumb/Swedish_Vallhund.jpg
Swedish Vallhund,https://bigd.big.ac.cn/idog/images/breed_image_thumb/Taiwan_Dog.jpg
Taiwan Dog,https://bigd.big.ac.cn/idog/images/breed_image_thumb/Teddy_Roosevelt_Terrier.jpg
Teddy Roosevelt Terrier,https://bigd.big.ac.cn/idog/images/breed_image_thumb/Thai_Ridgeback.jpg
Thai Ridgeback,https://bigd.big.ac.cn/idog/images/breed_image_thumb/Tibetan_Mastiff.jpg
Tibetan Mastiff,https://bigd.big.ac.cn/idog/images/breed_image_thumb/Tibetan_Spaniel.jpg
Tibetan Spaniel,https://bigd.big.ac.cn/idog/images/breed_image_thumb/Tibetan_Terrier.jpg
Tibetan Terrier,https://bigd.big.ac.cn/idog/images/breed_image_thumb/Tornjak.jpg
Tornjak,https://bigd.big.ac.cn/idog/images/breed_image_thumb/Tosa.jpg
Tosa,https://bigd.big.ac.cn/idog/images/breed_image_thumb/Toy_Fox_Terrier.jpg
Toy Fox Terrier,https://bigd.big.ac.cn/idog/images/breed_image_thumb/Transylvanian_Hound.jpg
Transylvanian Hound,https://bigd.big.ac.cn/idog/images/breed_image_thumb/Treeing_Tennessee_Brindle.jpg
Treeing Tennessee Brindle,https://bigd.big.ac.cn/idog/images/breed_image_thumb/Treeing_Walker_Coonhound.jpg
Treeing Walker Coonhound,https://bigd.big.ac.cn/idog/images/breed_image_thumb/Vizsla.jpg
Vizsla,https://bigd.big.ac.cn/idog/images/breed_image_thumb/Weimaraner.jpg
Weimaraner,https://bigd.big.ac.cn/idog/images/breed_image_thumb/Welsh_Springer_Spaniel.jpg
Welsh Springer Spaniel,https://bigd.big.ac.cn/idog/images/breed_image_thumb/Welsh_Terrier.jpg
Welsh Terrier,https://bigd.big.ac.cn/idog/images/breed_image_thumb/West_Highland_White_Terrier.jpg
West Highland White Terrier,https://bigd.big.ac.cn/idog/images/breed_image_thumb/Whippet.jpg
Whippet,https://bigd.big.ac.cn/idog/images/breed_image_thumb/Wire_Fox_Terrier.jpg
Wire Fox Terrier,https://bigd.big.ac.cn/idog/images/breed_image_thumb/Wirehaired_Pointing_Griffon.jpg
Wirehaired Pointing Griffon,https://bigd.big.ac.cn/idog/images/breed_image_thumb/Wirehaired_Vizsla.jpg
Wirehaired Vizsla,https://bigd.big.ac.cn/idog/images/breed_image_thumb/Working_Kelpie.jpg
Working Kelpie,https://bigd.big.ac.cn/idog/images/breed_image_thumb/Xoloitzcuintli.jpg
Xoloitzcuintli,https://bigd.big.ac.cn/idog/images/breed_image_thumb/Yorkshire_Terrier.jpg
Yorkshire Terrier,https://bigd.big.ac.cn/idog/images/breed_image_thumb/Akbash_Dog.jpg
Akbash Dog,https://bigd.big.ac.cn/idog/images/breed_image_thumb/American_Bulldog.jpg
American Bulldog,https://bigd.big.ac.cn/idog/images/breed_image_thumb/American_Pit_Bull_Terrier.jpg
American Pit Bull Terrier,https://bigd.big.ac.cn/idog/images/breed_image_thumb/Australian_Kelpie.jpg
Australian Kelpie,https://bigd.big.ac.cn/idog/images/breed_image_thumb/Large_Munsterlander.jpg
Large Munsterlander,https://bigd.big.ac.cn/idog/images/breed_image_thumb/Miniature_Poodle.jpg
Miniature Poodle,https://bigd.big.ac.cn/idog/images/breed_image_thumb/Standard_Poodle.jpg
Standard Poodle,https://bigd.big.ac.cn/idog/images/breed_image_thumb/PoodleToy.jpg
Toy Poodle,https://bigd.big.ac.cn/idog/images/breed_image_thumb/Toy_Manchester_Terrier.jpg
Toy Manchester Terrier,https://bigd.big.ac.cn/idog/images/breed_image_thumb/American_Cocker_Spaniel.jpg
American Cocker Spaniel,https://bigd.big.ac.cn/idog/images/breed_image_thumb/Australian_Stumpy_Tail_Cattle_Dog.jpg
Australian Stumpy Tail Cattle Dog,https://bigd.big.ac.cn/idog/images/breed_image_thumb/Blue_Picardy_Spaniel.jpg
Blue Picardy Spaniel,https://bigd.big.ac.cn/idog/images/breed_image_thumb/Braque_d_Auvergne.jpg
Braque d,https://bigd.big.ac.cn/idog/images/breed_image_thumb/Canadian_Eskimo_Dog.jpg
Canadian Eskimo Dog,https://bigd.big.ac.cn/idog/images/breed_image_thumb/ChihuahuaLongCoat.jpg
Chihuahua (Long Coat),https://bigd.big.ac.cn/idog/images/breed_image_thumb/ChihuahuaShortCoat.jpg
Chihuahua (Short Coat),https://bigd.big.ac.cn/idog/images/breed_image_thumb/Gascogne_Braque_Francais.jpg
Gascogne Braque Fran,https://bigd.big.ac.cn/idog/images/breed_image_thumb/Greenland_Dog.jpg
Greenland Dog,https://bigd.big.ac.cn/idog/images/breed_image_thumb/Japanese_Spitz.jpg
Japanese Spitz,https://bigd.big.ac.cn/idog/images/breed_image_thumb/KleinerMunsterlanderSmall.jpg
Kleiner M,https://bigd.big.ac.cn/idog/images/breed_image_thumb/Miniature_American_Eskimo_Dog.jpg
Miniature American Eskimo Dog,https://bigd.big.ac.cn/idog/images/breed_image_thumb/Miniature_Long_haired_Dachshund.jpg
Miniature Long-haired Dachshund,https://bigd.big.ac.cn/idog/images/breed_image_thumb/Miniature_Smooth_Haired_Dachshund.jpg
Miniature Smooth-Haired Dachshund,https://bigd.big.ac.cn/idog/images/breed_image_thumb/Miniature_Wire_haired_Dachshund.jpg
Miniature Wire-haired Dachshund,https://bigd.big.ac.cn/idog/images/breed_image_thumb/Miniature_Xoloitzcuintli.jpg
Miniature Xoloitzcuintli,https://bigd.big.ac.cn/idog/images/breed_image_thumb/Rough_Collie.jpg
Rough Collie,https://bigd.big.ac.cn/idog/images/breed_image_thumb/Smooth_Collie.jpg
Smooth Collie,https://bigd.big.ac.cn/idog/images/breed_image_thumb/VizslaSmooth.jpg
Smooth-Haired Vizsla,https://bigd.big.ac.cn/idog/images/breed_image_thumb/AmericanEskimoDogStandard.jpg
Standard American Eskimo Dog,https://bigd.big.ac.cn/idog/images/breed_image_thumb/DachshundSLH.jpg
Standard Long-haired Dachshund,https://bigd.big.ac.cn/idog/images/breed_image_thumb/DachshundSS.jpg
Standard Smooth Dachshund,https://bigd.big.ac.cn/idog/images/breed_image_thumb/DachshundSWH.jpg
Standard Wire-haired Dachshund,https://bigd.big.ac.cn/idog/images/breed_image_thumb/XoloitzcuintliStandard.jpg
Standard Xoloitzcuintli,https://bigd.big.ac.cn/idog/images/breed_image_thumb/TatraSheepdog.jpg
Tatra Sheepdog,https://bigd.big.ac.cn/idog/images/breed_image_thumb/AmericanEskimoDogToy.jpg
Toy American Eskimo Dog,https://bigd.big.ac.cn/idog/images/breed_image_thumb/XoloitzcuintliToy.jpg
Toy Xoloitzcuintli,https://bigd.big.ac.cn/idog/images/breed_image_thumb/Aidi__Atlas_Mountain_Dog.jpg
Aidi (Atlas Mountain Dog),https://bigd.big.ac.cn/idog/images/breed_image_thumb/Alaskan_Klee_Kai.jpg
Alaskan Klee Kai,https://bigd.big.ac.cn/idog/images/breed_image_thumb/Alpine_Dachsbracke.jpg
Alpine Drachsbracke,https://bigd.big.ac.cn/idog/images/breed_image_thumb/American_Bully.jpg
American Bully,https://bigd.big.ac.cn/idog/images/breed_image_thumb/Anglo_Francais_de_Petite_Venerie.jpg
Anglo-Francais de Petite Venerie,https://bigd.big.ac.cn/idog/images/breed_image_thumb/Ariegeois.jpg
Ariegeois,https://bigd.big.ac.cn/idog/images/breed_image_thumb/Austrian_Black_and_Tan_Hound.jpg
Austrian Black and Tan Hound,https://bigd.big.ac.cn/idog/images/breed_image_thumb/Austrian_Pinscher.jpg
Austrian Pinscher,https://bigd.big.ac.cn/idog/images/breed_image_thumb/Barak.jpg
Barak,https://bigd.big.ac.cn/idog/images/breed_image_thumb/Basset_Artesien_Normand.jpg
Basset Artesien Normand,https://bigd.big.ac.cn/idog/images/breed_image_thumb/Basset_Bleu_De_Gascogne.jpg
Basset Bleu De Gascogne,https://bigd.big.ac.cn/idog/images/breed_image_thumb/Bavarian_Mountain_Hound.jpg
Bavarian Mountain Hound,https://bigd.big.ac.cn/idog/images/breed_image_thumb/Beagle_Harrier.jpg
Beagle Harrier,https://bigd.big.ac.cn/idog/images/breed_image_thumb/Billy.jpg
Billy,https://bigd.big.ac.cn/idog/images/breed_image_thumb/Black_Mouth_Cur.jpg
Black Mouth Cur,https://bigd.big.ac.cn/idog/images/breed_image_thumb/Bouvier_Des_Ardennes.jpg
Bouvier des Ardennes,https://bigd.big.ac.cn/idog/images/breed_image_thumb/Braque_de_l_Ariege.jpg
Braque de l'Ariege,https://bigd.big.ac.cn/idog/images/breed_image_thumb/Braque_Saint_Germain.jpg
Braque Saint Germain,https://bigd.big.ac.cn/idog/images/breed_image_thumb/Briquet_Griffon_Vendeen.jpg
Briquet Griffon Vendeen,https://bigd.big.ac.cn/idog/images/breed_image_thumb/Ca_de_Bestiar__Majorca_Shepherd_Dog.jpg
Ca de Bestiar (Majorca Shepherd Dog),https://bigd.big.ac.cn/idog/images/breed_image_thumb/Cao_de_Castro_Laboreiro.jpg
Cao de Castro Laboreiro,https://bigd.big.ac.cn/idog/images/breed_image_thumb/Catalonian_Sheepdog.jpg
Catalonian Sheepdog,https://bigd.big.ac.cn/idog/images/breed_image_thumb/Cesky_Fousek.jpg
Cesky Fousek,https://bigd.big.ac.cn/idog/images/breed_image_thumb/Chart_Polski__Polish_Greyhound.jpg
Chart Polski (Polish Greyhound),https://bigd.big.ac.cn/idog/images/breed_image_thumb/Chien_d_Artois.jpg
Chien d'Artois,https://bigd.big.ac.cn/idog/images/breed_image_thumb/Chien_Francais_Blanc_et_Noir.jpg
Chien Francais Blanc et Noir,https://bigd.big.ac.cn/idog/images/breed_image_thumb/Chien_Francais_Tricolore.jpg
Chien Francais Tricolore,https://bigd.big.ac.cn/idog/images/breed_image_thumb/Cimarron_Uruguayo.jpg
Cimarron Uruguayo,https://bigd.big.ac.cn/idog/images/breed_image_thumb/Ciobanesc_Romanesc_Carpatin.jpg
Ciobanesc Romanesc Carpatin,https://bigd.big.ac.cn/idog/images/breed_image_thumb/Ciobanesc_Romanesc_Mioritic.jpg
Ciobanesc Romanesc Mioritic,https://bigd.big.ac.cn/idog/images/breed_image_thumb/Croatian_Sheepdog.jpg
Croatian Sheepdog,https://bigd.big.ac.cn/idog/images/breed_image_thumb/Deutsche_Bracke.jpg
Deutsche Bracke,https://bigd.big.ac.cn/idog/images/breed_image_thumb/Dunker.jpg
Dunker,https://bigd.big.ac.cn/idog/images/breed_image_thumb/Dutch_Smoushond.jpg
Dutch Smoushond,https://bigd.big.ac.cn/idog/images/breed_image_thumb/East_Siberian_Laika.jpg
East Siberian Laika,https://bigd.big.ac.cn/idog/images/breed_image_thumb/English_Shepherd.jpg
English Shepherd,https://bigd.big.ac.cn/idog/images/breed_image_thumb/Epagneul_Pont_Audemer.jpg
Epagneul Pont-Audemer,https://bigd.big.ac.cn/idog/images/breed_image_thumb/Epagneul_Picard.jpg
Epagneul Picard,https://bigd.big.ac.cn/idog/images/breed_image_thumb/Finnish_Hound.jpg
Finnish Hound,https://bigd.big.ac.cn/idog/images/breed_image_thumb/Francais_Blanc_et_Orange.jpg
Francais Blanc et Orange,https://bigd.big.ac.cn/idog/images/breed_image_thumb/Fresian_Water_Dog.jpg
Fresian Water Dog,https://bigd.big.ac.cn/idog/images/breed_image_thumb/German_Rough_Haired_Pointer.jpg
German Rough Haired Pointer,https://bigd.big.ac.cn/idog/images/breed_image_thumb/Grand_Bleu_De_Gascogne.jpg
Grand Bleu de Gascogne,https://bigd.big.ac.cn/idog/images/breed_image_thumb/Grand_Gascon_Saintongeois.jpg
Grand Gascon-Saintongeois,https://bigd.big.ac.cn/idog/images/breed_image_thumb/Grand_Griffon_Vendeen.jpg
Grand Griffon Vendeen,https://bigd.big.ac.cn/idog/images/breed_image_thumb/Grand_anglo_francais_tricol.jpg
Great Anglo-Francais Tricolor Hound,https://bigd.big.ac.cn/idog/images/breed_image_thumb/Great_Anglo-Francais_White_and_Black_Hound.jpg
Great Anglo-Francais White and Black Hound,https://bigd.big.ac.cn/idog/images/breed_image_thumb/Great_Anglo-Francais_White_and_Orange_Hound.jpg
Great Anglo-Francais White and Orange Hound,https://bigd.big.ac.cn/idog/images/breed_image_thumb/Griffon_Bleu_de_Gascogne.jpg
Griffon Bleu de Gascogne,https://bigd.big.ac.cn/idog/images/breed_image_thumb/Griffon_Fauve_de_Bretagne.jpg
Griffon Fauve de Bretagne,https://bigd.big.ac.cn/idog/images/breed_image_thumb/Griffon_Nivernais.jpg
Griffon Nivernais,https://bigd.big.ac.cn/idog/images/breed_image_thumb/Haldenstover__Halden_Hound.jpg
Haldenstover (Halden Hound),https://bigd.big.ac.cn/idog/images/breed_image_thumb/Hanoverian_Hound.jpg
Hanoverian Hound,https://bigd.big.ac.cn/idog/images/breed_image_thumb/Hellenic_Hound.jpg
Hellenic Hound,https://bigd.big.ac.cn/idog/images/breed_image_thumb/Hungarian_Greyhound__Magyar_Agar.jpg
Hungarian Greyhound (Magyar Agar),https://bigd.big.ac.cn/idog/images/breed_image_thumb/Hygen_Hound.jpg
Hygen Hound,https://bigd.big.ac.cn/idog/images/breed_image_thumb/Istrian_Short_Haired_Hound.jpg
Istrian Short-Haired Hound,https://bigd.big.ac.cn/idog/images/breed_image_thumb/Italian_Hound.jpg
Italian Hound,https://bigd.big.ac.cn/idog/images/breed_image_thumb/Jack_Russell_Terrier.jpg
Jack Russell Terrier,https://bigd.big.ac.cn/idog/images/breed_image_thumb/Japanese_Terrier.jpg
Japanese Terrier,https://bigd.big.ac.cn/idog/images/breed_image_thumb/Kangal_Dog.jpg
Kangal Dog,https://bigd.big.ac.cn/idog/images/breed_image_thumb/Karst_Shepherd_Dog.jpg
Karst Shepherd Dog,https://bigd.big.ac.cn/idog/images/breed_image_thumb/Kooikerhondje.jpg
Kooikerhondje,https://bigd.big.ac.cn/idog/images/breed_image_thumb/Majorca_Mastiff.jpg
Majorca Mastiff,https://bigd.big.ac.cn/idog/images/breed_image_thumb/Maremma_Sheepdog.jpg
Maremma Sheepdog,https://bigd.big.ac.cn/idog/images/breed_image_thumb/Mi-Ki.jpg
Mi-Ki,https://bigd.big.ac.cn/idog/images/breed_image_thumb/Montenegrin_Mountain_Hound.jpg
Montenegrin Mountain Hound,https://bigd.big.ac.cn/idog/images/breed_image_thumb/Mountain_Feist.jpg
Mountain Feist,https://bigd.big.ac.cn/idog/images/breed_image_thumb/Norrbottenspets.jpg
Multi-Colored Poodle,https://bigd.big.ac.cn/idog/images/breed_image_thumb/Old_Danish_Pointing_Dog.jpg
Multi-Colored Standard Poodle,https://bigd.big.ac.cn/idog/images/breed_image_thumb/Olde_English_Bulldogge.jpg
Norrbottenspetz,https://bigd.big.ac.cn/idog/images/breed_image_thumb/Patterdale_Terrier.jpg
Old Danish Pointing Dog,https://bigd.big.ac.cn/idog/images/breed_image_thumb/Perdiguero_de_Burgos.jpg
Olde English Bulldogge,https://bigd.big.ac.cn/idog/images/breed_image_thumb/Petit_Bleu_De_Gascogne.jpg
Patterdale Terrier,https://bigd.big.ac.cn/idog/images/breed_image_thumb/Petit_Gascon_Saintongeois.jpg
Perdiguero de Burgos,https://bigd.big.ac.cn/idog/images/breed_image_thumb/Podenco_Canario.jpg
Petit Bleu de Gascogne,https://bigd.big.ac.cn/idog/images/breed_image_thumb/Poitevin.jpg
Petit Gascon-Saintongeois,https://bigd.big.ac.cn/idog/images/breed_image_thumb/Polish_Hound.jpg
Podenco Canario,https://bigd.big.ac.cn/idog/images/breed_image_thumb/Posavaz_Hound.jpg
Poitevin,https://bigd.big.ac.cn/idog/images/breed_image_thumb/Russian_European_Laika.jpg
Polish Hound,https://bigd.big.ac.cn/idog/images/breed_image_thumb/Saarloosewolfdog.jpg
Posavaz Hound,https://bigd.big.ac.cn/idog/images/breed_image_thumb/Sarplaninac.jpg
Russian-European Laika,https://bigd.big.ac.cn/idog/images/breed_image_thumb/Schiller_Hound.jpg
Saarloosewolfdog,https://bigd.big.ac.cn/idog/images/breed_image_thumb/Serbian_Hound.jpg
Sarplaninac,https://bigd.big.ac.cn/idog/images/breed_image_thumb/Serbian_Tricolor_Hound.jpg
Schiller Hound,https://bigd.big.ac.cn/idog/images/breed_image_thumb/Silken_Windhound.jpg
Serbian Hound,https://bigd.big.ac.cn/idog/images/breed_image_thumb/Slovakian_Wire_Haired_Pointing_Dog.jpg
Serbian Tricolor Hound,https://bigd.big.ac.cn/idog/images/breed_image_thumb/Smaland_Hound.jpg
Silken Windhound,https://bigd.big.ac.cn/idog/images/breed_image_thumb/Small_Swiss_Hound.jpg
Slovakian Wire-Haired Pointing Dog,https://bigd.big.ac.cn/idog/images/breed_image_thumb/South_Russian_Shepherd_Dog.jpg
Smaland Hound,https://bigd.big.ac.cn/idog/images/breed_image_thumb/Spanish_Greyhound.jpg
Small Swiss Hound,https://bigd.big.ac.cn/idog/images/breed_image_thumb/Spanish_Hound.jpg
South Russian Shepherd Dog,https://bigd.big.ac.cn/idog/images/breed_image_thumb/Sporting_Lucas_Terrier.jpg
Spanish Greyhound,https://bigd.big.ac.cn/idog/images/breed_image_thumb/Stephens_Cur.jpg
Spanish Hound,https://bigd.big.ac.cn/idog/images/breed_image_thumb/Styrian_Coarse_Haired_Hound.jpg
Sporting Lucas Terrier,https://bigd.big.ac.cn/idog/images/breed_image_thumb/Swedish_Elkhound.jpg
Stephens' Cur,https://bigd.big.ac.cn/idog/images/breed_image_thumb/Swiss_Hound.jpg
Styrian Coarse Haired Hound,https://bigd.big.ac.cn/idog/images/breed_image_thumb/Treeing_Cur.jpg
Swedish Elkhound,https://bigd.big.ac.cn/idog/images/breed_image_thumb/Treeing_Feist.jpg
Swiss Hound,https://bigd.big.ac.cn/idog/images/breed_image_thumb/Tyrolean_Hound.jpg
Treeing Cur,https://bigd.big.ac.cn/idog/images/breed_image_thumb/Volpino_Italiano.jpg
Treeing Feist,https://bigd.big.ac.cn/idog/images/breed_image_thumb/Welsh_Hound.jpg
Tyrolean Hound,https://bigd.big.ac.cn/idog/images/breed_image_thumb/West_Siberian_Laika.jpg
Volpino Italiano,https://bigd.big.ac.cn/idog/images/breed_image_thumb/Westphalian_Dachsbracke.jpg
Welsh Hound,https://bigd.big.ac.cn/idog/images/breed_image_thumb/White_Shepherd.jpg
West Siberian Laika,https://bigd.big.ac.cn/idog/images/breed_image_thumb/Alpine_Dachsbracke.jpg
Westphalian Dachsbracke,https://bigd.big.ac.cn/idog/images/breed_image_thumb/American_Akita.jpg
White Shepherd,https://bigd.big.ac.cn/idog/images/breed_image_thumb/Brazilian_Terrier.jpg
Alpine Dachsbracke,https://bigd.big.ac.cn/idog/images/breed_image_thumb/Continental_Toy_Spaniel.jpg
American Akita,https://bigd.big.ac.cn/idog/images/breed_image_thumb/English_Toy_Terrier.jpg
Bohemian Wire-haired Pointing Griffon,https://bigd.big.ac.cn/idog/images/breed_image_thumb/Entlebuch_Cattle_Dog.jpg
Brazilian Terrier,https://bigd.big.ac.cn/idog/images/breed_image_thumb/Fila_Brasileiro.jpg
Continental Toy Spaniel,https://bigd.big.ac.cn/idog/images/breed_image_thumb/French_White_And_Orange_Hound.jpg
English Toy Terrier,https://bigd.big.ac.cn/idog/images/breed_image_thumb/Gascon_Saintongeois.jpg
Entlebuch Cattle Dog,https://bigd.big.ac.cn/idog/images/breed_image_thumb/Griffon_Belge.jpg
Fila Brasileiro,https://bigd.big.ac.cn/idog/images/breed_image_thumb/Griffon_Bruxellois.jpg
French Tricolour Hound,https://bigd.big.ac.cn/idog/images/breed_image_thumb/Hanoverian_Scent_Hound.jpg
French White And Orange Hound,https://bigd.big.ac.cn/idog/images/breed_image_thumb/Hungarian_Hound__Transylvanian_Scent_Hound.jpg
Gascon Saintongeois,https://bigd.big.ac.cn/idog/images/breed_image_thumb/Hungarian_Short_haired_Pointer__vizsla.jpg
Griffon Belge,https://bigd.big.ac.cn/idog/images/breed_image_thumb/Istrian_Wire_haired_Hound.jpg
Griffon Bruxellois,https://bigd.big.ac.cn/idog/images/breed_image_thumb/Italian_Rough_haired_Segugio.jpg
Hanoverian Scent Hound,https://bigd.big.ac.cn/idog/images/breed_image_thumb/Italian_Short_haired_Segugio.jpg
Hungarian Hound - Transylvanian Scent Hound,https://bigd.big.ac.cn/idog/images/breed_image_thumb/Landseer.jpg
Hungarian Short-haired Pointer (vizsla),https://bigd.big.ac.cn/idog/images/breed_image_thumb/Long_haired_Pyrenean_Sheepdog.jpg
Istrian Wire-haired Hound,https://bigd.big.ac.cn/idog/images/breed_image_thumb/Norwegian_Elkhound_Black.jpg
Italian Rough-haired Segugio,https://bigd.big.ac.cn/idog/images/breed_image_thumb/Peruvian_Hairless_Dog.jpg
Italian Short-haired Segugio,https://bigd.big.ac.cn/idog/images/breed_image_thumb/Petit_Brabancon.jpg
Landseer (european Continental Type),https://bigd.big.ac.cn/idog/images/breed_image_thumb/Polish_Hunting_Dog.jpg
Long-haired Pyrenean Sheepdog,https://bigd.big.ac.cn/idog/images/breed_image_thumb/Posavatz_Hound.jpg
Norwegian Elkhound Black,https://bigd.big.ac.cn/idog/images/breed_image_thumb/Pyrenean_Sheepdog__Smooth_Faced.jpg
Peruvian Hairless Dog,https://bigd.big.ac.cn/idog/images/breed_image_thumb/Saint_Miguel_Cattle_Dog.jpg
Petit Brabancon,https://bigd.big.ac.cn/idog/images/breed_image_thumb/Schnauzer.jpg
Polish Hunting Dog,https://bigd.big.ac.cn/idog/images/breed_image_thumb/Southeastern_European_Shepherd.jpg
Posavatz Hound,https://bigd.big.ac.cn/idog/images/breed_image_thumb/Thai_Bangkaew_Dog.jpg
Pyrenean Sheepdog - Smooth Faced,https://bigd.big.ac.cn/idog/images/breed_image_thumb/White_Swiss_Shepherd_Dog.jpg
Saint Miguel Cattle Dog,https://bigd.big.ac.cn/idog/images/breed_image_thumb/Yugoslavian_Shepherd_Dog__Sharplanina.jpg
Schnauzer,https://bigd.big.ac.cn/idog/images/breed_image_thumb/Alaunt.jpg
Southeastern European Shepherd,https://bigd.big.ac.cn/idog/images/breed_image_thumb/Alpine_Mastiff.jpg
Thai Bangkaew Dog,https://bigd.big.ac.cn/idog/images/breed_image_thumb/Alpine_Spaniel.jpg
White Swiss Shepherd Dog,https://bigd.big.ac.cn/idog/images/breed_image_thumb/Blue_Paul_Terrier.jpg
Yugoslavian Shepherd Dog - Sharplanina,https://bigd.big.ac.cn/idog/images/breed_image_thumb/Braque_du_Puy.jpg
Alaunt,https://bigd.big.ac.cn/idog/images/breed_image_thumb/Bullenbeisser.jpg
Alpine Mastiff,https://bigd.big.ac.cn/idog/images/breed_image_thumb/Chien_gris.jpg
Alpine Spaniel,https://bigd.big.ac.cn/idog/images/breed_image_thumb/Chinese_Chongqing_Dog.jpg
Blue Paul Terrier,https://bigd.big.ac.cn/idog/images/breed_image_thumb/Chinese_Imperial_Dog.jpg
Braque du Puy,https://bigd.big.ac.cn/idog/images/breed_image_thumb/Cordoba_Fighting_Dog.jpg
Bullenbeisser,https://bigd.big.ac.cn/idog/images/breed_image_thumb/Cumberland_Sheepdog.jpg
Chien-gris,https://bigd.big.ac.cn/idog/images/breed_image_thumb/Dogo_Cubano.jpg
Chinese Chongqing Dog,https://bigd.big.ac.cn/idog/images/breed_image_thumb/English_Water_Spaniel.jpg
Chinese Imperial Dog,https://bigd.big.ac.cn/idog/images/breed_image_thumb/English_White_Terrier.jpg
Cordoba Fighting Dog,https://bigd.big.ac.cn/idog/images/breed_image_thumb/Hare_Indian_Dog.jpg
Cumberland Sheepdog,https://bigd.big.ac.cn/idog/images/breed_image_thumb/Hawaiian_Poi_Dog.jpg
Dogo Cubano,https://bigd.big.ac.cn/idog/images/breed_image_thumb/Kunming_Wolfdog.jpg
English Water Spaniel,https://bigd.big.ac.cn/idog/images/breed_image_thumb/Kuri.jpg
English White Terrier,https://bigd.big.ac.cn/idog/images/breed_image_thumb/Miniature_Shar_Pei.jpg
Hare Indian Dog,https://bigd.big.ac.cn/idog/images/breed_image_thumb/Molossus.jpg
Hawaiian Poi Dog,https://bigd.big.ac.cn/idog/images/breed_image_thumb/Moscow_Water_Dog.jpg
Kunming Wolfdog,https://bigd.big.ac.cn/idog/images/breed_image_thumb/Norfolk_Spaniel.jpg
Kuri,https://bigd.big.ac.cn/idog/images/breed_image_thumb/North_Country_Beagle.jpg
Miniature Shar Pei,https://bigd.big.ac.cn/idog/images/breed_image_thumb/Paisley_Terrier.jpg
Molossus,https://bigd.big.ac.cn/idog/images/breed_image_thumb/Rastreador_Brasileiro.jpg
Moscow Water Dog,https://bigd.big.ac.cn/idog/images/breed_image_thumb/Russian_Tracker.jpg
Norfolk Spaniel,https://bigd.big.ac.cn/idog/images/breed_image_thumb/Seskar_Seal_Dog.jpg
North Country Beagle,https://bigd.big.ac.cn/idog/images/breed_image_thumb/Southern_Hound.jpg
Paisley Terrier,https://bigd.big.ac.cn/idog/images/breed_image_thumb/St_John_s_water_dog.jpg
Rastreador Brasileiro,https://bigd.big.ac.cn/idog/images/breed_image_thumb/Tahltan_Bear_Dog.jpg
Russian Tracker,https://bigd.big.ac.cn/idog/images/breed_image_thumb/Talbot.jpg
Seskar Seal Dog,https://bigd.big.ac.cn/idog/images/breed_image_thumb/Toy_Bulldog.jpg
Southern Hound,https://bigd.big.ac.cn/idog/images/breed_image_thumb/Toy_Trawler_Spaniel.jpg
St. John's water dog,https://bigd.big.ac.cn/idog/images/breed_image_thumb/Tweed_Water_Spaniel.jpg
Tahltan Bear Dog,https://bigd.big.ac.cn/idog/images/breed_image_thumb/Xiasi_Dog.jpg
Talbot,No Image
Toy Bulldog,No Image
Toy Trawler Spaniel,No Image
Tweed Water Spaniel,No Image
Xiasi Dog,No Image
